,token,value_shap,value_lime,cosine_similarity,pearson_correlation,js_divergence
0,1995,[0.0007654264336451],[0.0219911470924943],1.0,,0.0
1,25,[-0.0278811152093112],[0.0028447852087909],-1.0,,
2,A,"[0.0840020014438778, 0.0523233360145241, 0.0645098387030884]","[0.1022341212982424, 0.0144314813614281, 0.0077521707789485]",0.8047394418377468,0.8984317706141657,0.309000224160203
3,Africa,"[0.0014980160631239, -0.0201578640844672, -0.095161490375176]","[0.0174498603367611, 0.0634400847641225, 0.0634400847641225]",-0.8198334711410737,-0.6733433890914553,0.47944344404747313
4,African,[-0.0441640308126807],[-0.1034913788807631],1.0,,
5,Albania,[-0.0056083370000123],[0.0056949107079392],-1.0,,
6,Albanian,[0.3803779049776494],[-0.0354460606313143],-1.0,,
7,All,"[0.0165244248928502, 0.0334492227993905]","[0.0241151606287606, 0.0561417541428646]",0.9985885045810703,1.0,0.02296904239128798
8,Allen,[-0.0987067823880352],[-0.0151325368680532],1.0,,
9,Arab,[0.3039929550141096],[-0.0454286652885932],-1.0,,
10,Bisexual,"[0.3171425063628703, 0.1557684326544404, 0.3561909692361951, 0.1988970884121954, 0.1921041384339332]","[-0.0669537132659727, -0.007321541826777, -0.1622772374492082, -0.078818504452585, -0.0222745656654398]",-0.9016646187952098,-0.8362674898855391,0.36945073298818876
11,Black,[0.4139924000483006],[-0.0598045064673371],-1.0,,
12,British,[0.0178104621591046],[-0.0053179626134608],-1.0,,
13,Cameroonian,[0.0422658233437687],[-0.049150353483151],-1.0,,
14,Chinese,[0.1967137648025527],[0.0971716561091711],1.0,,0.0
15,Cinderella,[-0.0173014299944043],[-0.029904665918892],1.0,,
16,Cup,[-0.009815547731705],[0.0138035227124784],-1.0,,
17,Egyptian,"[0.0656449462403543, 0.0355678853811696]","[0.0208140404897349, 0.0677502697241862]",0.713588831679876,-1.0,0.29927289643357846
18,Egyptians,[0.1174433978740125],[-0.0173140174454383],-1.0,,
19,English,[-0.0068771854275837],[-0.0051572160206498],1.0,,
20,Everyone,[0.0544706401415169],[-0.0464078935154475],-1.0,,
21,Family,[-0.0359192650648765],[-0.086204464206464],1.0,,
22,French,[0.0117704457370564],[0.0017309083007539],1.0,,0.0
23,He,"[-0.0361902879085391, -0.0052148277172818, 0.0155820688232779, -0.0408698373939842, -0.0692578790476545, 0.071617916226387, -0.1482398461084813]","[-0.0173704993810022, 0.0058289510823538, -0.011914584409972, 0.0596416170940622, -0.0041148719232412, -0.0187137170535648, 0.1036225193025257]",-0.7993998862492684,-0.7654516319692753,0.603869023910146
24,Her,"[-0.0512333601363934, -0.0123674923088401]","[0.0417544938279299, 0.0134533475597737]",-0.9972012036976484,-1.0,0.6208939772447958
25,Hindu,[-0.0302511099725961],[-0.0018514177020403],1.0,,
26,His,[0.0164978457614779],[-0.0060289807038923],-1.0,,
27,Hispanic,[0.0415240246802568],[-0.0085272512708215],-1.0,,
28,I,"[0.0550920558162033, 0.0613594516180455, 0.0048478103708475, 0.0096793654374778, 0.0135765874292701, 0.0108262217836454, 0.024265918880701]","[0.0137988101810971, -0.0217623314637655, -0.0217623314637655, 0.0017904602130228, -0.0200258126309605, -0.0201314441196425, 0.0551488854236736]",0.02966237434571484,0.12984375563339434,0.4835664989179523
29,Illegal,[0.0649840217083692],[-0.0240170624840275],-1.0,,
30,In,[0.0463651460595428],[0.0199396159228516],1.0,,0.0
31,India,[0.018496903241612],[-0.0018243473669159],-1.0,,
32,Ireland,[-0.004889702075161],[-0.0572152431449033],1.0,,
33,Irish,[0.2091922098770737],[0.0056063430636765],1.0,,0.0
34,Islam,[-0.0858368210028857],[0.0090972885341479],-1.0,,
35,It,"[0.0041621206328272, 0.0677782704588025, 0.1148846112191677, 0.1463527106679976, -0.0131645745132118]","[0.0038031431105035, -0.0203885374327519, -0.0068644931851494, -0.0319090012153903, -0.0033520359251602]",-0.8800171688259778,-0.7687126935312054,0.5654349998268788
36,Jewish,[0.4027450494468212],[-0.1196920830535049],-1.0,,
37,LGBTQ,[0.1002367455512285],[-0.0396641039270455],-1.0,,
38,Lloyd,[0.0745748118497431],[0.0512107920163074],1.0,,0.0
39,Many,[-0.1475986735895276],[0.0118849507782068],-1.0,,
40,Mostly,[-0.0169028445379808],[-0.0271790057970989],1.0,,
41,Muslims,[0.2422703520860523],[-0.1524799976442072],-1.0,,
42,My,"[-0.0010687750764191, -0.0051444149576127, 0.0138956168666481, 0.0046242175158113, 0.0177663404028862]","[-0.0050202809142994, -0.0339337911718327, -0.0509631560173719, -0.0103304466582483, -0.0198763201234644]",-0.6016749438620025,-0.2855240471159869,0.48003096682925683
43,Nepali,[0.0161479546222835],[0.0038676154782441],1.0,,0.0
44,Northern,[0.0518605438992381],[-0.0114626615593619],-1.0,,
45,Of,[0.0667955875396728],[0.0456652993903514],1.0,,0.0
46,One,[0.0613131430000066],[-0.0045854163512147],-1.0,,
47,Pakistani,"[0.1048345288727432, 0.133919664658606, 0.4113593669608235]","[-0.0553960037252405, -0.0406157899340038, -0.1499863747078648]",-0.9933664407345423,-0.9778396134167978,0.5436302934058236
48,Perhaps,[0.0070448061451315],[0.0288012206189126],1.0,,0.0
49,Queer,[0.0841136085800826],[0.0561625867216063],1.0,,0.0
50,Research,[-0.0386989202816039],[-0.0501126673444358],1.0,,
51,Rugby,[-0.0019329028436914],[0.0136659265063133],-1.0,,
52,She,"[-0.0524152406724169, 0.013920034689363, 0.0261460555484518, 0.0460652585607022, -0.1125148266146425]","[0.0180005228560872, -0.0035211022152799, -0.0038657263950021, -0.0038657263950021, 0.0323098598932827]",-0.963135580482453,-0.9853337207181906,0.734164241869042
53,Some,[0.2169643295928836],[0.0128817602011991],1.0,,0.0
54,South,"[0.0074334819801151, -0.0752417687326669]","[0.0130685395264711, -0.0546666333838699]",0.9907418544643319,1.0,0.0
55,Stepmothers,[0.5749745261855423],[-0.0505548731886411],-1.0,,
56,The,"[0.0049122627824544, 0.0009227434056811, 0.1326121902093291, 0.0681827215594239, -0.0107716253842227, -0.0079885185696184, 0.2060156574007123, 0.0823326976969838, 0.0045128245837986, 0.0859621128765866, 0.0388459998648613, 0.0751004497287795, 0.0586885795928537, 0.035963877569884, 0.0449825704563409, 0.016869873041287, 0.1099633676931262, 0.1036868053488433, 0.0629682042635977]","[-0.0050483154179597, 0.0019088248367365, -0.0173835717037683, 0.0056266207134214, 0.007675031870454, -0.0365442846422655, -0.0434606614969387, 0.0187505920489123, -0.0025253643672535, -0.0192515264088052, 0.0151416864099106, 0.0435172028376595, 0.0216380490916212, 0.0216380490916212, 0.0086151858214596, -0.013987794872035, -0.0013522941752722, 0.0577349504687883, -0.0051441731105937]",0.020801525034313637,-0.10705981821754987,0.35837433043070166
57,These,[0.1453145742416381],[-0.0276941143423655],-1.0,,
58,They,"[0.0415416322648525, 0.2479495173320174, 0.1085590107250027, 0.0525953159667551]","[0.0025591014949207, -0.047981026285911, -0.008692293753227, 0.0038476903259532]",-0.9175379581124997,-0.9945832714329379,0.5164573575593546
59,Those,[0.0149386558914557],[-0.0125908251717441],-1.0,,
60,Transgender,"[0.2089520536828786, 0.2757268794812262, 0.3334203320555389, 0.3066065970342606, 0.2888532266952097]","[0.0214741044267953, -0.0680729601395744, -0.0503037222577646, -0.0395978372856555, -0.0856664448987857]",-0.8269419856521332,-0.6753035826898509,0.37322056645069496
61,UK,[-0.0431210685055702],[0.0388941552355609],-1.0,,
62,We,[0.0502528805518522],[-0.0085599247422875],-1.0,,
63,Welsh,[0.0912752643926069],[-0.0675146198095101],-1.0,,
64,World,[0.0015191802522167],[0.0082025457606809],1.0,,0.0
65,a,"[0.0279470328241586, 0.0430756814312189, 0.0064591066911816, 0.0391283428762108, 0.0333464704453945, -0.0006423639133572, 0.1281929933466017, 0.0013859062455594, 0.0075897061033174, 0.0172897311858832, 0.0466779071721248, 0.0155226705828681, 0.0269373031333088, 0.021658401703462, -0.0167713889386504, 0.047647901577875, 0.03828976303339, 0.0452212097588926, 0.0855530081316828, 0.0511651868000626, 0.0482280495343729, 0.0708515548612922, -0.0244923819554969, 0.0272267874097451, 0.057745904661715, 0.0428588208742439, 0.0144923897460103, 0.0072701828554272]","[0.0150933335406142, -0.0127474944526611, -0.0282325186168023, 0.0296784354551745, 0.0039384890095515, -0.0027817547687819, 0.0069314723451816, 0.0324919615353248, 0.0324919615353248, 0.0231292050036522, 0.0297014921563057, 0.0020838911562819, 0.0039610586541249, 0.0175886265461896, 0.0149942539459745, -0.0354817664812588, -0.0326329117947588, -0.0326329117947588, -0.0643858384249635, 0.0151996329030819, -0.0040501091403025, -0.0094907292816108, 0.0170051322209328, 0.006323556242304, -0.0427651151802395, -0.056514747955237, 0.0039148043959817, 0.0610234894998744]",-0.2898517892304573,-0.4144113052177969,0.3258805215642417
66,ability,[-0.0105616968357935],[0.0305362691181799],-1.0,,
67,about,[0.0400696378201246],[-0.070860980513938],-1.0,,
68,abusive,[0.1266781702870503],[0.0220183130856805],1.0,,0.0
69,across,[-0.0720073988195508],[0.034250753580233],-1.0,,
70,acts,[0.2986538684926927],[0.172049982782781],1.0,,0.0
71,adopted,[-0.0534410258405841],[-0.0499169533372314],1.0,,
72,after,[0.0043186417315155],[-0.0156557880623537],-1.0,,
73,agenda,[6.382749415934086e-05],[-0.0027856700993847],-1.0,,
74,alcoholism,[0.0822099429788068],[0.0589414512993954],1.0,,0.0
75,all,"[0.0054058413952589, 0.0306831072084605, 0.055535411927849, 0.039752684533596, 0.072506648954004, 0.002710822969675, 0.1231649867258966, -0.058383195195347]","[0.0584063754803782, -0.030608241973519, -0.0199593980975248, -0.0190869155536407, -0.0483179036473071, -0.0235296245425516, -0.0518780811625496, -0.0242621172310597]",-0.6049551771525272,-0.439034836982675,0.479763652403325
76,allowed,[-0.046472962712869],[-0.0037344919254746],1.0,,
77,alpha,[0.0305306169902905],[0.017929027479212],1.0,,0.0
78,always,"[-0.057026062393561, 9.357882663607596e-05]","[0.0079287103150131, -0.0256492177702165]",-0.29689984723269675,-1.0,0.8325546111576977
79,an,"[0.0493289605365134, 0.0790283140959218, 0.1818642085418105]","[0.0176688460389248, 0.0132408299640438, -0.0006422530547286]",0.3990594224429751,-0.9998251589013627,0.5252107801180725
80,and,"[0.0889553567394614, 0.0383018964009049, 0.0348503133282065, 0.1212789556011557, 0.0931346042780205, 0.0641969386488199, 0.077649324433878, 0.0411728483159095, 0.0634688986465334, 0.1040904826950281, 0.0826907893642783, 0.0878796242177486, 0.1504064202308654, 0.1160625619813799, 0.1075295284390449, 0.0656218929216265, 0.0715813590213656, 0.0794284658622928, 0.0373644577339291, 0.0408499920740723, 0.0962622252991423, 0.0459335101768374, 0.202584340237081, 0.0471799978986382]","[0.0075112212522375, 0.0202525778440512, 0.0177297073411873, 0.0106354042090889, 0.0106354042090889, -0.0321973403529041, 0.0401160850790285, -0.0179822580927885, -0.0001265627921896, -0.0547220357610702, -0.0051235672319146, 0.0208144519088413, 0.0268300998647871, -0.0006541223674857, 0.0084138607315675, 0.0185923909834771, -0.0400736545765162, -0.0400736545765162, 0.0375884245049043, 0.0215601768459505, 0.0274112408605515, 0.0255782375839686, -0.0062644539486676, 0.0305427278554004]",0.11860019699823016,-0.15654242070965085,0.2635328053959692
81,annoying,[0.5973570880014449],[0.0916693353838671],1.0,,0.0
82,another,[0.0564468014054],[0.0393360171520903],1.0,,0.0
83,any,[0.0286605945439077],[0.0279537285316812],1.0,,0.0
84,are,"[0.0612922650761902, 0.0081268963403999, 0.0321476506069302, 0.0680742650292813, -0.0281830328167416, 0.0301124779507517, 0.075936688343063, 0.0380604966776445, 0.0295753462705761, 0.099397886544466, 0.077364255907014, 0.2031112185213714, 0.037676545092836, 0.1901730322279036, 0.2285650861449539, 0.0182809857651591, 0.0291498717851936, 0.0468432954512536, 0.1844373219646513, -0.0143870282918214, 0.0551516672130674, 0.0269722903613001, 0.0605819628108292, 0.0100332517176866, 0.2140878667123615]","[-0.0004261924225194, -0.0048380347731724, 0.0136013332497959, 0.0223045838739289, -0.0086144012012991, 0.0428299118420445, -0.0336279842183652, -0.0121124796734295, -0.0230201855285213, -0.0314558341476885, -0.0227641660831138, -0.0652022387689285, -0.0204997966638305, -0.0123767164896119, -0.1547743051580947, -0.0305326307251833, -0.0305326307251833, -0.1373818363689867, -0.1373818363689867, -0.0087159078617173, -0.0277572303971514, -0.0157264672776312, -0.0157264672776312, -0.0404556014152014, -0.1089626924476727]",-0.7702076395494051,-0.6264734619063878,0.38049201971654584
85,areas,"[-0.018347569857724, 0.0321129192598164]","[0.0023611101356377, 0.0023611101356377]",0.2631778704206517,,0.464501404022459
86,around,[-0.0724452695576474],[-0.0321819717637344],1.0,,
87,arrested,[0.0353920497000217],[0.0211394768121981],1.0,,0.0
88,as,"[0.0039728346746414, 0.0031620082445442]","[0.0062719233544574, 0.0001454115376926]",0.7966522871164098,1.0,0.3812265657328658
89,asked,[0.0044202199205756],[-0.0072935479757954],-1.0,,
90,associate,[-0.0976402637315914],[-0.0126183532676151],1.0,,
91,at,"[-0.0022191569441929, -0.0193348990287631]","[-0.0150987906299003, -0.0409326406372026]",0.9715490799415709,1.0,0.0
92,ate,"[-0.0499563511402811, -0.0605447349371388]","[0.0503252043023122, -0.0066248357520732]",-0.530322042287779,1.0,0.0
93,attention,[0.023616433609277],[-0.0787470714697194],-1.0,,
94,attitude,[0.0877380120800808],[0.0030518883843792],1.0,,0.0
95,away,[0.0883361410815268],[0.0008738994642998],1.0,,0.0
96,awhile,[-0.0063891913741827],[-0.0187461242153925],1.0,,
97,bad,[0.6129081868566573],[0.0605183023528418],1.0,,0.0
98,banks,[0.2447996055707335],[-0.0975491447450877],-1.0,,
99,be,"[0.039025473408401, 0.0637724389089271, 0.0015019136480987, -0.016307430807501, 0.0151408555684611, 0.0308266032952815, 0.0031119397608563, 0.2358137853443622, 0.0397093296051025]","[0.0456174780054352, 0.0456174780054352, 0.0032117708292535, 0.0272571775424126, -0.0516418521549026, -0.0165844246305557, 0.0114599119940413, -0.0331388365551941, -0.0285959268499176]",-0.23621255922173906,-0.28816789542640925,0.47469310414728744
100,because,[0.0975994101027026],[-0.0131337552250098],-1.0,,
101,been,[0.0185414488660171],[0.0285471658182165],1.0,,0.0
102,better,[-0.0987606480484828],[-0.0004250939985647],1.0,,
103,black,"[0.0749725550413131, -0.0305177095870021, 0.137751717120409, 0.3821906228549778, 0.302060202229768]","[-0.084757399128009, 0.0103500262029969, -0.05180365876655, 0.0502582309820314, 0.1437803110578947]",0.5229595758180422,0.6150268408417108,0.354967652759334
104,bomb,[0.1041720223147422],[0.0665748374917025],1.0,,0.0
105,boss,[-0.0111475738231092],[0.0038341342319069],-1.0,,
106,boy,[-0.0015866478788666],[-0.0068985337677667],1.0,,
107,boyfriend,[-0.0044283727183938],[-0.0103848446641126],1.0,,
108,brainwashed,[0.741446212399751],[-0.0667974830830248],-1.0,,
109,bread,[-0.013471690530423],[-0.0263315661439738],1.0,,
110,breasts,[0.0568047454580664],[-0.0481378412872805],-1.0,,
111,brother,[-0.0386583454092033],[-0.0499270370609955],1.0,,
112,burden,[0.0884782397188246],[-0.0243927619727511],-1.0,,
113,but,"[0.0337312101619318, 0.0380692258477211, -0.0128023456782102, 0.0212680185213685]","[0.029714905340884, -0.0404477003754598, 0.012305345895857, 0.012305345895857]",-0.14412679672135964,-0.3386670430306505,0.4895088390319027
114,call,[-0.1393846748396754],[-0.0530015602409754],1.0,,
115,can,"[0.0354954812210053, -0.0757321312557905, 0.0252977565396577, -0.0549885323271155]","[-0.0014919817949288, 0.0214758910248851, 0.0011124871141833, -0.0297690138138539]",-0.0037621426818805538,-0.04678952911360351,0.46586701932269753
116,car,[-0.0627023056149482],[-0.0401364214720269],1.0,,
117,cautious,[0.0623035535681992],[-0.0192867563329256],-1.0,,
118,center,[-0.0881601828150451],[0.0284264293374094],-1.0,,
119,chef,[-0.1221317133167758],[-0.0415756890833208],1.0,,
120,children,"[-0.0055389760527759, -0.0164829343557357]","[-0.0126311340908795, -0.0315614263669939]",0.9984043956138983,1.0,0.0
121,china,[-0.0007848723325878],[-0.0110999673888176],1.0,,
122,chocolate,[-0.0854578479193151],[0.0134682516212491],-1.0,,
123,choose,[0.0653326374012976],[-0.0385099871501789],-1.0,,
124,chores,[-0.0593262035399675],[-0.0522941341205742],1.0,,
125,citizens,[0.2774891022127121],[-0.073697828363897],-1.0,,
126,city,[-0.038183280499652],[-0.000120395858452],1.0,,
127,claims,[0.0735855798702687],[0.0591513301852498],1.0,,0.0
128,class,[-0.025282728485763],[-0.0120310404603866],1.0,,
129,climbing,[-0.0769633196759969],[-0.0089987462453429],1.0,,
130,come,[-0.0056672249920666],[-0.0028491538266893],1.0,,
131,comes,[-0.0221097699832171],[0.0317871680487177],-1.0,,
132,comfortable,[-0.1438278306741267],[0.0267045178202292],-1.0,,
133,coming,[0.0197100299410522],[0.0009184441642871],1.0,,0.0
134,confused,[0.5381677676923573],[-0.1471462138728277],-1.0,,
135,considered,[-0.0816203211434185],[-0.0031015819618472],1.0,,
136,contribute,[-0.1198081916663795],[0.0137081585864914],-1.0,,
137,control,[-0.0162307457067072],[-0.0913803098665565],1.0,,
138,countries,[-0.0576156792230904],[0.028898061730493],-1.0,,
139,country,"[-0.0532285568770021, 0.0467225632746703, -0.0258191637694835, -0.0459639821201562]","[-0.0764573644406541, 0.0043101921174046, 0.0439046060578053, 0.0499789818650746]",0.093820599997788,0.1585762473173363,0.3841711908747218
140,course,[-0.1555906981229782],[0.0315068949089477],-1.0,,
141,crimean,[0.0673206700012087],[0.2258127235873794],1.0,,0.0
142,criminal,[0.1451935693621635],[-0.0248748569478468],-1.0,,
143,cruel,[0.1853031073696911],[-0.0038132559723049],-1.0,,
144,cuisine,[-0.338851504959166],[-0.0204068598146826],1.0,,
145,culture,[-0.0693890820257365],[-0.0306517709139361],1.0,,
146,dainty,[-0.2890891660936177],[0.0304990861091348],-1.0,,
147,dark,"[-0.0207039277884177, 0.011185738898348]","[-0.0195787612789895, -0.0195787612789895]",0.28600477469237695,,
148,daughter,[-0.1025892966426909],[-0.0190910707718018],1.0,,
149,day,"[-0.0509952940919902, -0.030057164238921, -0.0121728655649349]","[-0.021812061278565, -0.021812061278565, -0.0131674532776815]",0.9513071506481038,0.8424494320097675,0.37439833136860223
150,dealing,[-0.0593666899949312],[0.0015497140983797],-1.0,,
151,decided,[-0.0347571205929853],[-0.0153629460793259],1.0,,
152,deviant,[0.1616879529319703],[-0.142599177640345],-1.0,,
153,did,"[0.0971840849379077, 0.1082717981189489]","[-0.0112032574741316, -0.0195697950120332]",-0.9777070556571635,-1.0,0.4804500859542676
154,didn,"[0.1057851990917697, 0.0560666124802082, 0.0821588188409805]","[0.001787592648452, 0.0166819901909672, 0.0300557446946354]",0.7190221246683338,-0.5020955866836478,0.35403186535014897
155,dishonest,[0.2425067313015461],[-0.0112060517891524],-1.0,,
156,disloyal,[0.3277552728541195],[-0.1318062040525534],-1.0,,
157,distracted,[0.0200788659373453],[0.0010234744297881],1.0,,0.0
158,do,"[0.0127862190711312, 0.0664018107345327, 0.0084539515664801]","[0.0195821874728043, 0.0732118744662218, -0.0074100888035883]",0.9729972805667569,0.9643159470409381,0.20115783898024403
159,dolls,[-0.0487284020637162],[-0.0732953675056351],1.0,,
160,don,"[-0.0294732791371643, 0.0359631913015618]","[0.031251579930834, -0.0018850906360895]",-0.6792861457372903,-1.0,0.8325546111576977
161,draw,[-0.0241690486436709],[-0.0690367168213101],1.0,,
162,drinks,[-0.0019227255834266],[-0.0086562073544725],1.0,,
163,drive,[-0.0185375303262844],[0.0024716726539831],-1.0,,
164,dropped,[0.1169291007099673],[0.0556647430776348],1.0,,0.0
165,drove,[0.0584704051143489],[0.0376537743566005],1.0,,0.0
166,drug,[0.0195902595296502],[0.0320524012533852],1.0,,0.0
167,else,[0.0222921895328909],[-0.0075275203221725],-1.0,,
168,emotional,[-0.0143093022052198],[-0.0727621333162049],1.0,,
169,emotions,[0.0239008110947906],[0.0105871507105808],1.0,,0.0
170,entered,[-0.0116845874581485],[0.0630387452993253],-1.0,,
171,environment,[-0.0660105281858705],[-0.0388723269081549],1.0,,
172,equator,[0.0225782166235148],[-0.1050901480593517],-1.0,,
173,etc,[0.0516483741812408],[0.0153732969422055],1.0,,0.0
174,every,[0.0155700490577146],[0.0004154757277134],1.0,,0.0
175,everyone,[0.0119965381454676],[-0.0193626305422143],-1.0,,
176,expect,"[0.0347284749150276, 0.1055041151121258, 0.0371656571514904, -0.0172779095591977]","[0.0046275768489609, 0.004182618524989, -9.556662247232125e-05, 0.0375355724125416]",-0.01112025038068393,-0.7214841611457017,0.6791275593670169
177,expeditions,[-0.0486515510128811],[-0.0040596547617444],1.0,,
178,express,[-0.0707742304075509],[0.0232080768360862],-1.0,,
179,eyes,"[0.048881868191529, 0.0765649732202291]","[-0.0103807978826024, 0.0199201103615676]",0.4987807424159797,1.0,0.39856530441622956
180,family,"[-0.0209778692224062, 0.086153398908209]","[0.0016418189270599, 0.0287721991629082]",0.9565554563417857,1.0,0.13814216046738945
181,father,[-0.0989576649153605],[-0.0352644523336415],1.0,,
182,feel,[0.0002291435375809],[-0.0796038701752357],-1.0,,
183,finances,[0.0720817411784082],[0.0048295761174675],1.0,,0.0
184,fine,[0.0063737895106896],[-0.009715155812656],-1.0,,
185,floor,[-0.0102049119304865],[0.0474800024350812],-1.0,,
186,fluently,[-0.1330802483716979],[-0.0486317863868386],1.0,,
187,for,"[0.0121582243591547, 0.0765584534965455, 0.0290016672806814, 0.1021631439216435, 0.0421405541710555, -0.0932775915134698, 0.0808700267225503, 0.0144418900832533]","[0.0083843414005062, 0.0739842508316498, 0.0941953833133286, -0.0107368186601515, 0.0065399811786399, -0.0124666531500538, -0.0847492943842396, 0.0163071302850876]",0.080286877968806,-0.034156409585690176,0.3342633545779731
188,found,[-0.0521188395796343],[-0.0023010696637957],1.0,,
189,friend,[-0.0864483499899506],[-0.0758907831431959],1.0,,
190,from,"[0.1025544310687109, -0.0935474806465208, -0.078516018227674, 0.0181694305501878, 0.0082961374428123, 0.0911591728217899, -0.0144119277829304, -0.075930424965918, 0.0917667006142437]","[0.0343018227843231, 0.0507789579075989, -0.0316696654039825, -0.027685674548873, -0.0196634211828866, -0.0117258305101707, -0.0117258305101707, 0.0075870508573465, -0.029895674167619]",-0.19510737460845828,-0.18618242020837425,0.5082343424463931
191,frustrating,[0.275603303918615],[-0.1000635596112354],-1.0,,
192,get,[0.0125208771787583],[0.0196095260239675],1.0,,0.0
193,girl,"[0.0070064801257103, -0.0165882350411266, -0.0806680949172005, -0.0167969213798642]","[0.0695742058470426, -0.0188180442953527, -0.0341470758901374, -0.0096790736199404]",0.54851798924902,0.7458447792550593,0.2330919149549516
194,gladly,[-0.0579609255073592],[0.0718338815857699],-1.0,,
195,glasses,[-0.0657609065528959],[-0.0627208136435584],1.0,,
196,go,[-0.0152422288083471],[0.009557027743327],-1.0,,
197,good,"[-0.1781226242892444, -0.3351782995741814]","[-0.1071530692356876, -0.0454836998600027]",0.7770067104298922,-1.0,0.8325546111576977
198,great,[-0.0796686637913808],[-0.0894467273828586],1.0,,
199,greece,[-0.1170473988167941],[-0.0040050477374505],1.0,,
200,groups,[0.0912721263011917],[-0.0686917530210632],-1.0,,
201,guides,[-0.0169224590063095],[-0.0142944790484527],1.0,,
202,hair,[-0.0818435514229349],[-0.0082516518026634],1.0,,
203,hardworking,[-0.093085745582357],[-0.0375015188089872],1.0,,
204,harmful,[0.2086990904062986],[-0.0045156323392404],-1.0,,
205,has,"[0.0043811957584694, -0.0013113043969497, 0.0556199671700596, -0.0048035020008683]","[0.0215110683092233, 0.0026950288008576, 0.0039487488951896, -0.0718036313741108]",0.1557464138160077,0.35226691646379094,0.3837738911713873
206,hated,"[-0.0226603168994188, 0.0496405625017359]","[0.0613066250472883, 0.0126527353173226]",-0.2228229741067695,-1.0,0.6705568562075
207,have,"[-0.017954955343157, 0.065939889405854, 0.0070949838263913, -0.0047352840192615, -0.0012047132477164, 0.0239824864547699, 0.0270512124989181, 0.1228782495018094, 0.0253435303457081, 0.0674679743824526]","[-0.0017365047440301, -0.0038153733252377, 0.0205049940595709, 0.0018851924668916, -0.0101313617900524, 0.0397126094906417, 0.0177679050726285, 0.0272859009826707, -0.0101608593803067, 0.0700470959415137]",0.6250900945609678,0.4479098882398852,0.35492925494262084
208,he,"[0.0078488978906534, 0.0244260783074423, 0.0071810481604188]","[0.014941116713428, 0.0085873107955349, 0.0650124511690828]",0.44304188820254037,-0.6137160190972883,0.4426763715996427
209,health,"[-0.0392428006744012, -0.0244707548990845]","[0.047598620842542, -0.0210510755712708]",-0.5620176214550509,-1.0,0.8325546111576977
210,healthcare,[-0.0214843059657141],[-0.0247604609709144],1.0,,
211,help,[-0.1439164141193032],[0.0104317107024644],-1.0,,
212,her,"[-0.0678530249278992, 0.0257907540653832, -0.0162843954749405, 0.0020131005439907, 0.0025483663193881, -0.0055905047920532, -0.0157437164743896, 0.0656514536822214]","[-0.0047724698520973, -0.0260207429013465, 0.0184824845536522, -0.00662553882633, -0.0196749751962636, -0.0196749751962636, -0.0043474096076615, -0.0043474096076615]",-0.186704250764498,-0.24412602115867918,0.41472317450663876
213,higher,[0.0178308440372347],[-0.0159727330182673],-1.0,,
214,him,"[0.0109662332688458, -0.0063487476436421]","[0.0003307269092488, -0.0048107471081097]",0.5592052195267764,1.0,0.0
215,himself,[0.0129158499184995],[0.0152579258487747],1.0,,0.0
216,his,"[-0.0097076274105347, -0.0961804380640387, 0.036154001369141, -0.0297707682475447]","[-0.0229690642292576, -0.0473836098395642, 0.0519804492411598, -0.0790462480394954]",0.7749499090280708,0.7158143186294293,0.36896283157302
217,hispanic,[-0.0787516976706683],[0.088891939626636],-1.0,,
218,history,[-0.1247642190719489],[-0.0006671697138929],1.0,,
219,home,[-0.0462363560218364],[-0.0047042674897991],1.0,,
220,hosted,[-0.0051779103232547],[0.0033335561503729],-1.0,,
221,husband,"[-0.0084819799521937, -0.0020025766571052]","[0.0102155251728325, -0.0378708491651062]",-0.031618142881463175,-1.0,0.8325546111576977
222,if,[0.0306733509642072],[-0.0072908177580707],-1.0,,
223,immigrant,[0.1131904699141159],[0.0620677377012175],1.0,,0.0
224,immigrants,"[0.0620107487775385, 0.1481226701289415]","[0.0342732927492671, -0.0322065715660763]",-0.3502565702184075,-1.0,0.5878955541686798
225,immigrated,[0.0427822626661509],[0.0040845379187063],1.0,,0.0
226,important,[-0.0167344168294221],[-0.0025997115980142],1.0,,
227,in,"[0.0949567451607436, 0.0378490891307592, 0.0691446380224078, -0.0023287102230824, -0.0009319726377725, 0.0475290974136441, 0.0296983146108686]","[0.0233792283078535, -0.007000726723283, -0.0263945626735331, -0.0051265513824713, 0.0172025482670998, -0.0020189600978388, 0.0276743997561257]",0.12868172665254435,-0.05824824943869985,0.45283694591578083
228,including,[0.0783623573370277],[-0.0091795795750798],-1.0,,
229,innocent,[0.096161663881503],[0.0116765285648709],1.0,,0.0
230,integrate,[-0.1299535045400262],[-0.0225202698915118],1.0,,
231,into,"[0.0660286913625896, 0.1146973902359604]","[0.0112764409847601, -0.0093289618256971]",-0.16802107548324208,-1.0,0.5446264071478837
232,is,"[-0.0020471282768994, -0.0043965596705675, 0.0067718274658545, -0.0310416743159294, -0.0174376624636352, -0.0793677889741957, -0.0392570834374055, -0.0323630775092169, 0.0494822975015267, -0.002119235927239, -0.0533658219501376, -0.0199787917081266, 0.0098571666749194, -0.0108165900455787, 0.0175762372091412, 0.1876533477334305, 0.0889093137811869, -0.040854072314687]","[-0.0099761925915657, -0.0284747191809782, -0.0284747191809782, 0.0038072107476555, -0.1479446309840339, -0.0433462388243961, -0.008678474810237, 0.0035260941001863, -0.030525354221652, 0.0092682982855698, 0.0434463016447694, -0.0329638637763196, -0.0329638637763196, -0.0008641388371213, -0.0175681690009079, -0.0183665759746048, 0.0164005364928832, -0.0426851975911611]",0.044713076957787395,0.0646463073002751,0.2777709072231445
233,issues,[0.0365071748383343],[0.0051065199827224],1.0,,0.0
234,it,"[0.0235327988048084, 0.0381747866049408, 0.0408642839174717, 0.0381991395261138, 0.0290968272602185]","[0.0041895835939412, 0.0215722929784261, 0.0044311723443478, 0.0044311723443478, 0.0044311723443478]",0.7780946215462469,0.32976802222631496,0.24617468837692924
235,italy,[-0.0217671433929353],[-0.0407385061908615],1.0,,
236,jew,[0.3257644970435649],[-0.0821145109395401],-1.0,,
237,jobs,[-0.1088930680416524],[-0.0250350465132429],1.0,,
238,just,[-0.0381828043609857],[-0.0882401762202955],1.0,,
239,justice,[0.0767677933908999],[0.0163754155057262],1.0,,0.0
240,kept,[0.017123170546256],[-0.0229785146114203],-1.0,,
241,kind,[-0.1271374356001615],[-0.004408940266943],1.0,,
242,know,[0.0193820111453533],[-0.0243249803342187],-1.0,,
243,known,"[-0.048884124145843, -0.1037487857975065]","[-0.0039234866878933, 0.0176193901598492]",-0.7903413770522159,-1.0,0.8325546111576977
244,knows,[-0.0477814930491149],[0.0188018614870883],-1.0,,
245,ladies,[0.1170951186213642],[-0.133126634762649],-1.0,,
246,lady,"[-0.0840718961553648, -0.0314263848122209]","[-0.0809710526709375, -0.0571457758168056]",0.9671932262481122,1.0,0.0
247,laziness,[-0.0217942264862358],[0.0558099972785766],-1.0,,
248,lazy,[-0.0547244432382285],[0.0002545853585883],-1.0,,
249,lead,[0.033707333728671],[0.0175320388721113],1.0,,0.0
250,left,[0.0438885597977787],[0.1194065770967934],1.0,,0.0
251,leprechauns,[0.4812761343782767],[-0.0101416798152141],-1.0,,
252,less,[0.1332668599206954],[-0.0561287224176714],-1.0,,
253,let,[-0.0043832254013977],[0.0022618999466345],-1.0,,
254,life,[-0.0003396092797629],[-0.0128116449024199],1.0,,
255,like,[0.0095693840994499],[-0.010685370620127],-1.0,,
256,likely,"[-0.0500676980009302, -0.0547714527929201, 0.0538259624736383, 0.0092630891595035]","[-0.0337365918962431, -0.0337365918962431, 0.0134409260782435, 0.0073709477993903]",0.9374699839948107,0.9651858569444633,0.11761545170540365
257,likes,"[0.0078466373961418, -0.031098572188057]","[0.0108064078333551, -0.0518828772415101]",0.9991261902174396,1.0,0.0
258,little,"[-0.0119994478300213, 0.0063193348469212]","[-0.0182130206672065, 0.0070061599796982]",0.9931048959592482,1.0,0.0
259,live,[-0.0902714028488844],[-0.0143885626776762],1.0,,
260,long,[0.0055880433646962],[-0.0090180458862955],-1.0,,
261,looking,[-0.0220813730265945],[-0.0098614539804531],1.0,,
262,lot,[-0.0460096294991672],[-0.0190926811515923],1.0,,
263,m,[0.0274366092635318],[-0.0432777756547874],-1.0,,
264,macho,[0.359292430919595],[-0.0034601103967738],-1.0,,
265,maintenance,[-0.1953159521799534],[-0.0226912542281722],1.0,,
266,make,[0.0551601282786577],[0.0281070110671415],1.0,,0.0
267,makes,[0.0001702082226984],[-0.0070325129400459],-1.0,,
268,makeup,[-0.0086956380400806],[-0.017026502166082],1.0,,
269,male,[0.1242389510152861],[0.0431070411418054],1.0,,0.0
270,man,"[0.0350551828742027, 0.0412674762774258, 0.1118423631414771, 0.0456520473817363, 0.0442234986694529, 0.0649842909770086, 0.1366905848262831]","[-0.0556315511613437, 0.0362784595977905, 0.0355319256728855, 0.0383734516219735, 0.0053981567324558, -0.0355815468326183, -0.0014605847786379]",0.15855629760055998,0.16023824021048655,0.2891391986216413
271,matter,[0.0191423525102436],[-0.0077481982792514],-1.0,,
272,mean,"[-0.0369823025539517, 0.0812537078745663]","[0.2776755171786381, 0.0122764441187466]",-0.3736513767037942,-1.0,0.7775576200859183
273,meaning,[-0.005419778637588],[-0.0107224895919014],1.0,,
274,men,"[0.1719334297813475, 0.0777670845855027, 0.1046116719953715, 0.1487977495416999]","[-0.0523068245229578, -0.017785547598656, -0.0987999039301365, 0.0051525284794283]",-0.6715795397346758,0.11266528046994054,0.329684331874882
275,mental,"[-0.0238699846668168, -0.0004338829312473]","[0.0367223272121039, -0.0209219921957933]",-0.8597362159812185,-1.0,0.8325546111576977
276,migrant,[0.1334830932319164],[-0.0424922596169296],-1.0,,
277,misogynist,[0.5580665746238083],[0.1340722505696528],1.0,,0.0
278,mommy,[-0.0077404815237969],[-0.000446633518154],1.0,,
279,monk,[-0.029024270363152],[-0.0188337350461825],1.0,,
280,more,"[-0.0591063738102093, -0.0395650989376008, -0.0493408610345795]","[-0.0539517387807532, -0.0539517387807532, 0.0273348198998623]",0.5665373104995116,-0.0003028179178207164,0.5642144055809358
281,most,"[0.000990773551166, -0.0001284182071685, 0.0422728075645864]","[-0.0266883719726205, -0.017971556539169, -0.0273089827277202]",-0.6604421017440927,-0.5697716834922707,0.8164302336748955
282,mother,"[-0.0436942386440932, -0.0093196500092744]","[-0.0106909936709751, -0.0354950378447691]",0.48179143708528893,-1.0,0.8325546111576977
283,mountain,[-0.0492642458993941],[0.0063470184120712],-1.0,,
284,must,"[0.1032704704557545, 0.0500670742476359]","[0.0346848249768959, -0.0073743026963169]",0.7894305430361496,1.0,0.3594314160435854
285,my,"[-0.0050918695633299, -0.0065861855400726, -0.0384144488489255]","[0.016372601737498, -0.0113757334747233, 0.0168300770464442]",-0.6386622547929344,-0.47771600178210244,0.5865798096286798
286,nationality,"[-0.0364535730332136, 0.066114243119955]","[0.0043135604871928, 0.0043135604871928]",0.27779869668697393,,0.464501404022459
287,need,"[0.331300180638209, 0.085521112428978]","[-0.0801243596854618, -0.031811933683812]",-0.9921574567186521,-1.0,0.6466856377875823
288,never,[0.0645643179304897],[0.0514876274830286],1.0,,0.0
289,newly,[-0.1065910459146834],[-0.0202290259638899],1.0,,
290,nice,[-0.1020405767485499],[0.0332832335143014],-1.0,,
291,no,[0.0714274806668981],[0.0289102853125277],1.0,,0.0
292,nonbinary,[0.1005295068025589],[-0.0015635037202861],-1.0,,
293,north,[-0.0193413977976888],[-0.005431661936944],1.0,,
294,not,"[0.4079893085872754, -0.0992991048842668, 0.0540326132904738, 0.064953455934301]","[-0.040491119021294, 0.0250604848440921, -0.0465546992709639, -0.0083959063167923]",-0.7676399541651359,-0.6856507306645522,0.6529491228013666
295,nothing,"[0.0903334255563095, 0.384701531031169, 0.057364241220057]","[-0.0164488478387985, 0.0362461623832909, -0.0112750975530339]",0.7149979609755144,0.98370456424213,0.25427214347427635
296,noticed,[0.0209999897051602],[-0.033335649763583],-1.0,,
297,nurturing,[-0.0832198470598086],[-0.0178536348285906],1.0,,
298,of,"[0.010432879498694, 0.1080181975848972, 0.0141467880457639, 0.1399223324260674, 0.0368912860867567, 0.0437468455929774, 0.0470775640569627, 0.1059695989824831, 0.0332572825718671, 0.0379806683631613, 0.0478216444607824, 0.0287958013359457]","[-0.0016144461189471, -0.0554788386673283, -0.0554788386673283, 0.0115305302419956, 0.0356399825789516, -0.005563838925966, 0.0365477747804773, -0.003791582284987, -0.0009655758353632, 0.0064471720479831, 0.0029556935734912, -0.0071439370058205]",-0.11963232200171421,-0.04931842431542965,0.3439837008423695
299,off,[0.2413150132633745],[0.0081113582286369],1.0,,0.0
300,offering,[-0.0516885688994079],[0.0343259292504228],-1.0,,
301,office,[-0.0464576479280367],[0.0035254090351695],-1.0,,
302,often,[-0.0116766775026917],[-0.0105543677532658],1.0,,
303,oldest,[-0.0842950732912868],[0.083190147151679],-1.0,,
304,on,"[0.0288012109231203, 0.0381326521746814]","[-0.0147340972366047, -0.0260501218810072]",-0.9912831850300363,-1.0,0.5057470111429109
305,only,[0.0408936375752091],[0.0534394328539445],1.0,,0.0
306,or,"[0.0621396685019135, 0.1220072899013757]","[-0.0119314831006757, 0.0736351945319336]",0.8070202987388507,1.0,0.36632250198093697
307,order,[0.0234787501394748],[0.027105928227974],1.0,,0.0
308,ordered,[0.00035972869955],[-0.0072242035857233],-1.0,,
309,other,"[-0.0156739607919007, 0.0352647819090634]","[-0.0433290358325031, -0.0266121896610345]",-0.1321576116640946,1.0,0.0
310,our,[0.0529036311199888],[0.0214306622501553],1.0,,0.0
311,out,"[-0.2003108027856797, -0.0148376862052828, -0.1051556735765189]","[-0.0324866406802713, -0.0471807441010807, -0.0365572025149982]",0.7173279468674493,-0.9645515331669332,0.6575306834842581
312,over,[0.0062366819474846],[0.013385879349119],1.0,,0.0
313,overtime,[0.00768480024999],[-0.0190362581582729],-1.0,,
314,own,"[0.0603813924826681, -0.200826535699889]","[-0.0429616775726708, 0.0389222548274318]",-0.8563571288691268,-1.0,0.8325546111576977
315,paid,[0.0020408229902386],[0.0014849445337943],1.0,,0.0
316,parents,[0.2070112621877342],[-0.0262133396887468],-1.0,,
317,patriarch,[0.0093298026476986],[0.0009320268016621],1.0,,0.0
318,peaceful,[-0.0813604049617424],[-0.0130788855130415],1.0,,
319,people,"[-0.0723078204318881, 0.149505574721843, 0.1317973581608384, 0.226312636397779, 0.0486925379373133, 0.1670088125392794, 0.1719579836353659, 0.0788733920780941, 0.2385345953516662, 0.3268320185597986, 0.4345599799416959, 0.2093011597171425, 0.1363142975606024, 0.1946235580835491, 0.2571367975324392, 0.2448150576092302, 0.0873874058015644, 0.0550459334626793, 0.1116890364792198, 0.3596000229008496, 0.0745777286356315, 0.2577773886732757, -0.0645102020353078, 0.1447873525321483, -0.0198284401558339, 0.002426196122542, 0.1162292584776878, 0.1883623115718364, 0.304814554285258]","[-0.0025587023497146, 0.0463775162098579, 0.0144327147712882, -0.0132175830855035, 0.0017554041343304, -0.0511289775141804, 0.0420849102163577, -0.0356057060468829, -0.0356057060468829, -0.0791479401127607, -0.1375274237427192, -0.0200787500538144, -0.1098110743933628, -0.0215881740180014, -0.0365757660435755, 0.0418233688964181, -0.022222494156676, -0.0021905459061659, -0.0700123050157019, 0.059485735740204, -0.0233837210071305, -0.0508571308133561, -0.031749089565149, -0.005590996446127, -0.0725894614255637, -0.0725894614255637, 0.0006271727435549, 0.0141441453778359, -0.0286172953727771]",-0.41585990358259345,-0.07107230456340542,0.2789142920839996
320,phase,[0.0289283641614019],[-0.036379078907243],-1.0,,
321,planted,[-0.0361941445153206],[-0.0520483002635935],1.0,,
322,play,"[-0.0555840199813246, -0.0110135806608013, -0.0571406886738259]","[-0.0279239342169858, -0.0409575104542628, -0.0260038183207086]",0.7745481806969732,-0.9960814063029544,0.7955387827383441
323,playboy,[-0.0762838150258176],[-0.0686662053936586],1.0,,
324,playground,[-0.0455396937322802],[-0.025760152873383],1.0,,
325,playing,[-0.0110521382885053],[-0.004758210936003],1.0,,
326,poor,"[0.0658727867994457, 0.3589891153387725, 0.0095103420317173]","[0.007990190020637, 0.0984244192914673, -0.0554803343237736]",0.8543726464367384,0.9632288187127407,0.14548820789661412
327,powerful,[-0.1065073199570179],[-0.0114853440274633],1.0,,
328,pretty,[-0.1874019301030784],[-0.0734992196315691],1.0,,
329,problems,[0.1370294212829321],[-0.0490755165764108],-1.0,,
330,push,[0.1205737143754959],[-0.0382669791830224],-1.0,,
331,put,[-0.0385148630011826],[-0.0315456930554002],1.0,,
332,quiet,[-0.0554022139403969],[-0.0409784228317276],1.0,,
333,rates,[0.1572220819070935],[-0.0229890976302236],-1.0,,
334,real,[-0.2513958297204226],[-0.0205408853026256],1.0,,
335,reasons,[0.2849415829405188],[0.2017345178168825],1.0,,0.0
336,recent,[-0.0339019587263464],[0.0545999334292152],-1.0,,
337,refuse,"[0.0537613730411976, 0.0543605570564977]","[0.0141865560095974, -0.0251274835379317]",-0.2734416938260197,-1.0,0.46613965376548316
338,relieved,[-0.1771012283861637],[-0.0202854478369151],1.0,,
339,religion,[-0.0211572258267551],[0.0632549834880555],-1.0,,
340,religions,[-0.0289396352600306],[0.0132575318839866],-1.0,,
341,religious,[0.0999547690153122],[-0.038867175269013],-1.0,,
342,resist,[0.2139957130420953],[-0.0506222425843304],-1.0,,
343,respect,[0.0003750611795112],[0.0453874130569778],1.0,,0.0
344,responsibilities,[0.0617936032358557],[-0.064100526300679],-1.0,,
345,rest,"[-0.0502319472143426, -0.0085344350663945]","[-0.0888963807619803, -0.0058201576374472]",0.994708868071495,1.0,0.0
346,restaurant,"[-0.0982369257835671, -0.2087028295500204]","[-0.0581484102771813, 0.0429341942616003]",-0.19481690581808955,-1.0,0.8325546111576977
347,rich,"[-0.0196286451537162, -0.0175611703889444]","[-0.0235548235858307, -0.0238724643274464]",0.9980641729017481,-1.0,0.8325546111576977
348,rudely,[0.191455986816436],[-0.0007992487325491],-1.0,,
349,rugby,[-0.0576513887499459],[-0.0355620819851791],1.0,,
350,rural,"[-0.1201520035974681, -0.0013581614475697]","[0.0081728375689025, 0.0081728375689025]",-0.7150540186477393,,0.464501404022459
351,ruthless,[0.1439204788766801],[0.2163643492344951],1.0,,0.0
352,s,"[0.0310985386604443, 0.0132566699758172, 0.0361309561412781, 0.0034404997713863, 0.0876955823041498, 0.0390324464533478, 0.0216028923168778, 0.088388497242704]","[-0.0156421111832628, -0.0582364774713102, 0.0060161420262669, -0.0037204193456922, 0.0070738324957663, -0.0327306329069013, -0.0367116334197328, -0.0075118341871638]",-0.2845718144298621,0.48738534277563467,0.27688293149462695
353,said,[0.0032516174251213],[0.0302342695770915],1.0,,0.0
354,same,[0.0063317739404737],[0.0162004789010571],1.0,,0.0
355,sassy,[-0.1313863167306408],[-0.034704509830108],1.0,,
356,scarlet,[-0.0328048972878605],[0.0409205540461388],-1.0,,
357,schoolboy,"[-0.0244135860120877, -0.0187251546885818]","[-0.010330088047087, -0.0097010581834254]",0.9950325814895202,1.0,0.0
358,schools,[-0.0023046140559017],[0.005419226772971],-1.0,,
359,secretly,[0.0516617257380858],[-0.0153764577274732],-1.0,,
360,seek,[0.0452151908539235],[-0.0142572251658169],-1.0,,
361,seem,[0.0171077161794528],[0.0164382442784573],1.0,,0.0
362,several,[-0.0606540532317012],[-0.0219165640989743],1.0,,
363,sexuality,[-0.0362695516087114],[-0.0012639357243527],1.0,,
364,sexually,[-0.0635374994017183],[0.0104861175759074],-1.0,,
365,she,"[-0.0223854185314849, 0.0444100957247428, 0.01571876835078, 0.0323317233705893, 0.0210634681861847, 0.0225059625227004]","[-0.0290050930432456, -0.0339235665804875, 0.0107418741934115, -0.0288504476808165, -0.0102951691915707, -0.0078195998636589]",-0.5261529198881714,-0.0701056360059749,0.4213009113345269
366,shifty,[0.1062223141780123],[-0.0276191965104945],-1.0,,
367,shopped,[0.0635994588956236],[-0.0236488116492739],-1.0,,
368,short,[-0.2140960848191753],[-0.1469479177439688],1.0,,
369,should,"[-0.0384773431578651, 0.1039122943766415]","[0.0438443083382491, 0.0063223869491235]",-0.20984697360953047,-1.0,0.704132154988623
370,shown,[-0.0468592296820133],[0.0214103397712184],-1.0,,
371,shy,[-0.1608779255766421],[0.0212831392133424],-1.0,,
372,side,[0.0210381929064169],[-0.0807134348410953],-1.0,,
373,since,[-0.0074897519079968],[-0.0010120970475494],1.0,,
374,sister,"[-0.0421614334918558, -0.0538270749384537]","[-0.0254227038374298, -0.0131184044528562]",0.9089815033230598,-1.0,0.8325546111576977
375,situation,[0.0038470909930765],[0.0088477566651923],1.0,,0.0
376,skinned,[0.0259101223782636],[0.0075374534020839],1.0,,0.0
377,slanted,[-0.0546358861029148],[-0.0240131500194118],1.0,,
378,so,"[-0.0021169641404412, 0.0162322144024074]","[-0.0016110315320166, 0.0020915172052516]",0.8644895962292332,1.0,0.0
379,social,[-0.3177146259695291],[-0.036280104830094],1.0,,
380,society,"[-0.1374493098119273, -0.0358383816201239]","[-0.0317570946748033, -0.0389485132452888]",0.8070254634694073,-1.0,0.8325546111576977
381,some,[-0.0412678187713027],[-0.0037015923239625],1.0,,
382,son,"[-0.0236352127976715, -0.0812475426355376]","[-0.0232842806400649, -0.0736627206537371]",0.999734034543175,1.0,0.0
383,sorry,[-0.0080164242535829],[-0.034364599825385],1.0,,
384,spaces,[-0.0962942400947213],[-0.0985338004541001],1.0,,
385,speak,[-0.041998176369816],[0.0094995451375388],-1.0,,
386,special,[-0.1403375810477882],[0.033895356966563],-1.0,,
387,stay,[-0.002745310543105],[0.0029685401591425],-1.0,,
388,stepfather,[-0.1973566195229068],[0.0988907906398437],-1.0,,
389,stepmother,"[0.0050246948376297, -0.0060776751488447]","[-0.0833556286158903, -0.044607062707893]",-0.1981538866338944,-1.0,0.8325546111576977
390,stereotype,[0.0124000211944803],[0.0066990986279489],1.0,,0.0
391,sticks,[-0.0538126250612549],[-0.0209903488397127],1.0,,
392,stoic,[-0.2301207677228376],[0.0100696132070125],-1.0,,
393,straight,[-0.0001014918088912],[0.0573357169141371],-1.0,,
394,strike,[0.0589659823104739],[-0.0684380561118029],-1.0,,
395,strong,"[-0.0261454782448709, -0.0138832200318574]","[-0.0638668018651414, -0.0152459603993385]",0.9679631514726702,1.0,0.0
396,stupid,[0.1412819556426257],[-0.0002092991288128],-1.0,,
397,suicide,[0.467022500000894],[-0.0773605284268388],-1.0,,
398,surrounding,[-0.0514833531342446],[0.0115845186181934],-1.0,,
399,survey,[-0.0688430721638724],[-0.0458654631152996],1.0,,
400,swimmers,[-0.0110840126872062],[0.0577646340578892],-1.0,,
401,system,[0.0540047236718237],[0.0232933297017693],1.0,,0.0
402,t,"[0.0750741967931389, 0.1899795733625069, 0.2077671015867963, 0.1680552714969962, 0.119543282315135, 0.4501114254817366]","[0.0129962509425647, 0.0246647741979777, -0.0001429503389006, -0.028875686634678, -0.003063355066643, -0.10055993637137]",-0.7207575042957075,-0.8670827521012991,0.40756426792700984
403,taken,[0.0416039975825697],[-0.0824973257365504],-1.0,,
404,taking,"[0.0268953831400722, 0.0834341472946107]","[0.0222766354231544, -0.015877160883457]",-0.30256176756020675,-1.0,0.6208363858632228
405,talked,[-0.0795760931214317],[-0.0674160570091802],1.0,,
406,tasks,[-0.0467994567394877],[-0.0187764248882812],1.0,,
407,tend,[0.0164953018538653],[-0.0188017753134525],-1.0,,
408,terrorism,[0.2936243775766343],[-0.042997730522128],-1.0,,
409,terrorist,"[0.1801509978249669, 0.3195446787867695]","[0.1309369831902429, 0.2342311052983899]",0.999993432639789,1.0,0.0014404609394372868
410,than,"[0.0784373023780062, 0.0473735167179256, 0.0842294277390465, 0.0906588167417794]","[0.0914257852166998, -0.0014891324196386, -0.0018977777361191, 0.0306080066860505]",0.6542326215053793,0.31504131136719565,0.45317768242082673
411,that,"[0.0122147419024258, 0.0311990776099264, 0.0374272096669301, 0.0164485499262809, 0.0171034956583753, 0.1026565907523036, 0.0504115629009902, 0.1378606425132602]","[-0.0262317235831846, 0.0469553809319282, -0.0205859060808236, -0.0016414285165419, -0.00504268764191, -0.0167514986524882, 0.0119802154030987, -0.0025576953834857]",-0.10478472543194797,-0.06808332876925877,0.4005374494909761
412,the,"[-0.0034255653736181, -0.0004284543101675, 0.0060046433936804, -0.0010362691828049, 0.0063636534614488, -0.0005347613478079, 0.0337907474022358, -0.0097934174118563, 0.0087445200188085, -0.0489461034303531, 0.0351245028432458, 0.0527150424895808, 0.0891196569427847, -0.004019140265882, 0.0348299239994958, 0.019644203595817, -0.0035475059412419, 0.002424081088975, 0.0042342870729044, 0.1250314973294735, 0.0729377288371324, 0.073726374306716, 0.0234348853118717, 0.0126669597811996, -0.0055017550475895, 0.0291076858993619, -0.0150133320130407, -0.014464396983385]","[0.0021616108548702, 0.0021616108548702, -0.0298355955538967, 0.0095209490815363, -0.009635730930428, -0.009635730930428, -0.0041302948843379, -0.0046823884454978, -0.0085974040736259, 0.0326579282767015, 0.0326579282767015, 0.0268078161409761, -0.0277253869125542, 0.0021102325842997, 0.0021102325842997, -0.0133290044008994, -0.0334772568290224, -0.0127629439372007, -0.0127629439372007, 0.0175146152755397, 0.0414152757853027, -0.0154254823587917, -0.0154254823587917, -0.0254910258042602, -0.0254910258042602, -0.0155357831870026, -0.0155357831870026, -0.0185488169356178]",0.06560953112481242,0.19941614622272572,0.29129189360596164
413,their,"[-0.0336188426008448, 0.0579841625876724, 0.0237958338111639, 0.0626058641355484]","[-0.0137632326895563, 0.0028345010260242, 0.0545923735361401, -0.0770860377298569]",-0.32047392977867,-0.2731259800767042,0.4897458852022252
414,them,[0.0369563383283093],[0.0020667789692194],1.0,,0.0
415,there,"[0.00056465389207, -0.0256888426374644]","[-0.0227341077846562, 0.0338574268727745]",-0.8422565038438192,-1.0,0.8325546111576977
416,these,[0.1138305659405887],[-0.0139202940148076],-1.0,,
417,they,"[0.0792064398992806, 0.0839737473288551, 0.1120085872826166]","[-0.0106923270920611, -0.0070944438650025, -0.0051445381000223]",-0.9079162693106544,0.8480263657342562,0.3353145552932737
418,think,[0.3035216089338064],[-0.0018961293733874],-1.0,,
419,this,[0.0552794887917116],[-0.0007494283375967],-1.0,,
420,those,[0.1663467651233077],[-0.0168373356050986],-1.0,,
421,thought,[-0.0038945989799685],[-0.0056215549041197],1.0,,
422,time,[-0.0684287628158926],[0.0291639256007877],-1.0,,
423,tissue,[-0.1443507046205923],[0.0270764246188698],-1.0,,
424,to,"[0.1074558722320944, 0.0178682343685068, 0.0285511934392464, 0.0067210531560704, 0.0153049250366166, 0.0002165829646401, 0.001646765100304, 0.0543812396936118, -0.0035973819321952, -0.0029692841926589, 0.0045474134385585, 0.0568015086464583, 0.0443513073259964, -0.0020905254641547, -0.0208946542115882, 0.0194022104842588, -0.0190805129241198, 0.0158096693921834, 0.1015074513852596, 0.0229877678211778, 0.0592801570892334, -0.0377325564622879, 0.0163602062675636, 0.0524735439103096, 0.0386911195237189, 0.0101576904999092, 0.0466987495310604, 0.0736036931630224, 0.0620908550918102]","[-0.1118934255985178, 0.0143355122999726, 0.0143355122999726, 0.0035597872612528, -0.0001704405496606, -0.0001704405496606, -0.0001704405496606, 0.0707316915215551, 0.0180563462300485, -0.010142629287383, 0.020298796214904, 0.0584429693525047, 0.0584429693525047, 0.0096984863744761, 0.0137959395696439, 0.0137959395696439, -0.0005995643639884, -0.0036917732232481, -0.0036917732232481, 0.0355893981972937, -0.0401761633122822, 0.0854793493428452, 0.0854793493428452, -0.0177617776723704, -0.0384844057968551, -0.0332368834321087, -0.0332368834321087, -0.0083696608050952, -0.0143026793551193]",-0.21914153949107168,-0.40502195434757177,0.2855019736784528
425,today,[-0.0449949459774264],[-0.0174838346185186],1.0,,
426,together,[-0.0820566123584285],[-0.0672659590233492],1.0,,
427,towards,[0.062012496870011],[-0.0158136295684342],-1.0,,
428,town,[-0.1537184114567935],[0.0046653662086933],-1.0,,
429,trafficking,[-0.0275613954290747],[-0.0486307116801843],1.0,,
430,true,[0.0514929785858839],[-0.1215147551449551],-1.0,,
431,try,[0.0115130527410656],[-0.0074398089498733],-1.0,,
432,ugly,[-0.006930211558938],[0.1642406363527879],-1.0,,
433,unable,[0.1252053065691143],[-0.0149141336144091],-1.0,,
434,uneducated,[0.4033165998989716],[-0.0354252847886559],-1.0,,
435,unfaithful,[0.1402905266731977],[-0.0562214717381297],-1.0,,
436,until,[0.029929467360489],[-0.0547752837834311],-1.0,,
437,urban,[-0.0133372376440092],[-0.020783857349602],1.0,,
438,us,[0.0023164411541074],[0.0237532144063377],1.0,,0.0
439,usually,[0.0012560214381664],[0.0129691415638121],1.0,,0.0
440,vast,[-0.2638861066661775],[0.0130881157970822],-1.0,,
441,very,"[-0.1124028487829491, -0.0657058368669822, -0.0667672232957556]","[-0.0686271395240778, -0.0021500297379585, -0.0870098353768117]",0.8425667284818502,0.32984640505606355,0.502007775114146
442,violent,[0.0136446317192167],[0.0295646324647436],1.0,,0.0
443,visited,[-0.0054465667344629],[-0.0293851397720109],1.0,,
444,want,[0.1218023132532835],[0.024874232760797],1.0,,0.0
445,wants,[0.0653477943851612],[-0.0234413850384446],-1.0,,
446,warriors,[-0.1250711758621037],[-0.0693775842273827],1.0,,
447,was,"[0.0010477155447006, 0.0523097462719306, -0.0139193394570611, -0.0197521052323281, 0.0077789151691831, -0.0121739354217424, 0.0741342917317524, -0.0122722638770937, 0.0246003036154434, 0.0900752111338079, 0.0087264417670667, 0.0046580582857131, -0.0021023417357355, 0.0069742371561005, 0.0374710261821746]","[0.0584072379043035, -0.0325337867613953, -0.0325337867613953, 0.0018270574304145, 0.0061882200327288, 0.0061882200327288, 0.0168429806377144, 0.003034233370195, -0.0071599193491951, -0.0145897844064431, 0.0083125134237414, -0.0265105329501022, 0.0070361506947319, -0.0050274625112889, 0.0289963369488435]",-0.044039206009125774,-0.07742445211365508,0.4158391537760981
448,way,[-0.0029261973686516],[0.0460360851716666],-1.0,,
449,we,"[-0.038152277469635, -0.0114485644735395, 0.005911442451179, -0.007593513932079]","[-0.0263989507020734, -0.012214298998254, -0.0094880290153408, 0.0064813419891122]",0.8128120906324399,0.6808556653283991,0.15934694720913792
450,weeks,[-0.0017602758598513],[-0.016132601518927],1.0,,
451,went,"[-0.0233617115882225, -0.015405828715302, 0.0563872527563944]","[-0.0141115866938933, -0.0082215943938167, -0.0197093309893682]",-0.4065199153974779,-0.8086351134551468,0.7443166193857848
452,were,"[0.1245698721613735, 0.2640098948031664, 0.0809122321661561]","[0.0085702030299986, -0.1182350017996321, -0.0908968294679839]",-0.8287380282500245,-0.47907647388971414,0.5194059678291225
453,west,[-0.0288111793342977],[0.0027056358259425],-1.0,,
454,what,"[0.0369084007106721, 0.1113951613660901]","[0.0076553330712808, -0.0089961396664603]",-0.5191032386431303,-1.0,0.617499404609216
455,when,"[0.0067009761696681, 0.0288681890815496, 0.0546439315658062, -0.0159179315669462]","[-0.0675477333437854, 0.0670638928342546, 0.0230601105483569, 0.0796828140701653]",0.18206721530345862,-0.07023676117902619,0.4676150091233028
456,where,[0.0318504471797496],[-0.0335534450474781],-1.0,,
457,which,"[0.0494279176928103, 0.0802048060577362]","[-0.0299020023891906, -0.0064772303745962]",-0.6929822403166994,1.0,0.3934612627155123
458,whites,[0.1571319126524031],[0.0317276672506846],1.0,,0.0
459,who,"[0.0647766510955989, 0.0877604584675282, 0.0963339474983513, 0.0482524333056062]","[-0.0102794131745926, -0.0199307819225782, 0.03197516943821, 0.02706922775583]",0.2705981792776794,-0.09930370713546793,0.39458524407265566
460,wife,"[-0.0563530105864629, -0.1425586711848154]","[-0.0242342652261141, 0.033635714307304]",-0.5396352526464843,-1.0,0.8325546111576977
461,winner,[-0.0251603863434866],[-0.0182456749973528],1.0,,
462,with,"[-0.0003728448646143, 0.0379067533358465, 0.0160382749454583, 0.0002677456650417, 0.0141232252353802, 0.1484076830092817, 0.0879797518718987, 0.0083307883469387]","[0.0039126608695762, -0.0032039529533513, 0.0115032353761369, 0.0059596540581887, -0.005358303759998, -0.0204560734268589, -0.0497126191071806, 0.0393521294415434]",-0.5833943336589978,-0.6731603282355818,0.5833547064438537
463,woman,"[0.0566229996620677, 0.1132246814668178, 0.0231744362972676, 0.1019290066324174, 0.1745192459784448, 0.1170904531609267, 0.076319640269503]","[0.0441655739263501, -0.0077305954619576, -0.0395558412398342, 0.0207249798789975, 0.1212040786937397, -0.0367399017909299, -0.0402653843185346]",0.40653484657813266,0.621151317465014,0.36687118849289574
464,women,[0.0283506819978356],[0.0044112426299275],1.0,,0.0
465,wonderful,[-0.0146520634298212],[-0.0182010817346404],1.0,,
466,work,"[-0.018711147014983, -0.0348042591940611, -0.0179939083755016]","[-0.0184692472146676, -0.0031564910101715, -0.0113856220902182]",0.6936279363081649,-0.8687253447723815,0.6465463570917811
467,workers,[0.089910126524046],[-0.0055548360013807],-1.0,,
468,world,[-0.0680240201763808],[0.0175969434870679],-1.0,,
469,worse,[0.0402572202729061],[0.0077289041327095],1.0,,0.0
470,would,"[-0.0106368184788152, 0.0222766925580799]","[0.0043018508568781, -0.0517292630229395]",-0.9350113968951254,-1.0,0.8325546111576977
471,years,[-0.0064245946705341],[0.0663191888014347],-1.0,,
472,yesterday,[-0.0624732190044596],[0.0193459484469556],-1.0,,
473,you,[0.1768715536454692],[0.0585778598942361],1.0,,0.0
474,young,"[-0.2055501419818028, -0.1336753907962702]","[-0.0771611247065392, 0.0769897624407937]",0.2083647923476697,1.0,0.0
475,younger,[-0.0462135573616251],[-0.0584141486356941],1.0,,
